Fecha de la Medida,Hora de la Medida,FASE AB,FASE BC,FASE AC,FASE A,FASE B,FASE C,POTENA ATVA AB [W],POTENA ATVA B [W],POTENCIA ACTIVA  [W],,GENERACION [kWh],GEN [kWh]
16/01/2018,14:00:00,422.5,420.8,422.4,6.991,7.282,7.925,,,5443,5.443,1.3608,1.36
16/01/2018,14:15:00,421,419.7,420.9,6.125,6.411,7.003,,,4774,4.774,2.5543,2.55
16/01/2018,14:30:00,420.9,419.4,420.8,5.842,6.107,6.726,,,4575,4.575,3.698,3.7
16/01/2018,14:45:00,419.9,418.6,420.4,5.199,5.432,6.096,,,4111,4.111,4.7258,4.73
16/01/2018,15:00:00,418.7,417.3,419.1,4.276,4.47,5.153,,,3428,3.428,5.5828,5.58
16/01/2018,15:15:00,417.2,415.8,417.6,3.482,3.656,4.3,,,2821,2.821,6.288,6.29
16/01/2018,15:30:00,416.5,414.7,416.5,2.692,2.843,3.485,,,2232,2.232,6.846,6.85
16/01/2018,15:45:00,416.4,414.9,416.6,2.304,2.447,3.049,,,1933,1.933,7.3293,7.33
16/01/2018,16:00:00,415.7,414.3,415.9,1.758,1.899,2.49,,,1522,1.522,7.7098,7.71
16/01/2018,16:15:00,415.3,414,415.9,1.698,1.834,2.451,,,1487,1.487,8.0815,8.08
16/01/2018,16:30:00,415.7,414.5,416.3,1.42,1.553,2.195,,,1285,1.285,8.4028,8.4
16/01/2018,16:45:00,415.7,414.1,416.3,1.092,1.258,1.912,,,1072,1.072,8.6708,8.67
16/01/2018,17:00:00,415.9,414.3,416.4,0.019,0.247,1.499,,,573.6,0.5736,8.8142,8.81
16/01/2018,17:15:00,415.2,413.5,415.8,0,0,0.906,,,264,0.264,8.8802,8.88
16/01/2018,17:30:00,415.7,414.3,416.6,0.044,0.042,0.742,,,157.4,0.1574,8.9195,8.92
16/01/2018,17:45:00,414.3,414.4,417.4,0,0,0,,,0,0,8.9195,8.92
16/01/2018,18:00:00,415,413.8,416.2,0,0,0,,,0,0,8.9195,8.92
16/01/2018,18:15:00,410.7,409.4,412.2,0,0,0,,,0,0,8.9195,8.92
16/01/2018,18:30:00,408.9,407.8,410.4,0,0,0,,,0,0,8.9195,8.92
16/01/2018,18:45:00,409.6,408.5,411,0,0,0,,,0,0,8.9195,8.92
16/01/2018,19:00:00,410.1,409.2,411.8,0,0,0,,,0,0,8.9195,8.92
16/01/2018,19:15:00,410.7,409.8,412.7,0,0,0,,,0,0,8.9195,8.92
16/01/2018,19:30:00,411.2,410.4,413.3,0,0,0,,,0,0,8.9195,8.92
16/01/2018,19:45:00,411.9,411.2,414.1,0,0,0,,,0,0,8.9195,8.92
16/01/2018,20:00:00,412.9,412.1,415.1,0,0,0,,,0,0,8.9195,8.92
16/01/2018,20:15:00,414.1,413.1,415.8,0,0,0,,,0,0,8.9195,8.92
16/01/2018,20:30:00,415.1,413.7,416.8,0,0,0,,,0.042,0,8.9195,8.92
16/01/2018,20:45:00,415.5,414.3,417.4,0,0,0,,,0,0,8.9195,8.92
16/01/2018,21:00:00,415.8,414.7,417.7,0,0,0,,,0,0,8.9195,8.92
16/01/2018,21:15:00,415.9,414.8,417.6,0,0,0,,,0,0,8.9195,8.92
16/01/2018,21:30:00,416.5,415.1,417.9,0,0,0,,,0,0,8.9195,8.92
16/01/2018,21:45:00,416.3,415,417.6,0,0,0,,,0,0,8.9195,8.92
16/01/2018,22:00:00,417.1,415.6,418.2,0,0,0,,,0,0,8.9195,8.92
16/01/2018,22:15:00,417.3,415.9,418.5,0,0,0,,,0,0,8.9195,8.92
16/01/2018,22:30:00,417.9,416.4,419,0,0,0,,,0,0,8.9195,8.92
16/01/2018,22:45:00,418.9,417.1,419.6,0,0,0,,,0,0,8.9195,8.92
16/01/2018,23:00:00,418.6,416.6,419.4,0,0,0,,,0.042,0,8.9195,8.92
16/01/2018,23:15:00,418.9,417.4,419.8,0,0,0,,,0,0,8.9195,8.92
16/01/2018,23:30:00,414.9,413.5,415.8,0,0,0,,,0,0,8.9195,8.92
16/01/2018,23:45:00,415.3,414.1,416.2,0,0,0,,,0,0,8.9195,8.92
17/01/2018,00:00:00,415.5,414.1,416.2,0,0,0,,,0,0,8.9195,8.92
17/01/2018,00:15:00,414.9,413.8,415.7,0,0,0,,,0,0,8.9195,8.92
17/01/2018,00:30:00,415.4,414.1,416.1,0,0,0,,,0,0,8.9195,8.92
17/01/2018,00:45:00,415.9,414.6,416.5,0,0,0,,,0,0,8.9195,8.92
17/01/2018,01:00:00,416.1,414.8,416.8,0,0,0,,,0,0,8.9195,8.92
17/01/2018,01:15:00,414.7,413.8,415.5,0,0,0,,,0,0,8.9195,8.92
17/01/2018,01:30:00,415.1,413.9,415.9,0,0,0,,,0,0,8.9195,8.92
17/01/2018,01:45:00,415.3,414.1,416,0,0,0,,,0,0,8.9195,8.92
17/01/2018,02:00:00,415.8,414.4,416.6,0,0,0,,,0,0,8.9195,8.92
17/01/2018,02:15:00,415.5,414.5,416.3,0,0,0,,,0,0,8.9195,8.92
17/01/2018,02:30:00,415.9,414.7,416.7,0,0,0,,,0,0,8.9195,8.92
17/01/2018,02:45:00,415.9,414.6,416.6,0,0,0,,,0,0,8.9195,8.92
17/01/2018,03:00:00,415.7,414.4,416.5,0,0,0,,,0,0,8.9195,8.92
17/01/2018,03:15:00,415.5,414.2,416.2,0,0,0,,,0,0,8.9195,8.92
17/01/2018,03:30:00,415.5,414.1,416.2,0,0,0,,,0,0,8.9195,8.92
17/01/2018,03:45:00,415.6,414.4,416.4,0,0,0,,,0,0,8.9195,8.92
17/01/2018,04:00:00,415.4,414.2,416.3,0,0,0,,,0,0,8.9195,8.92
17/01/2018,04:15:00,415.6,414.3,416.3,0,0,0,,,0,0,8.9195,8.92
17/01/2018,04:30:00,415.1,414,415.9,0,0,0,,,0,0,8.9195,8.92
17/01/2018,04:45:00,414.7,413.4,415.4,0,0,0,,,0,0,8.9195,8.92
17/01/2018,05:00:00,414.8,413.5,415.5,0,0,0,,,0,0,8.9195,8.92
17/01/2018,05:15:00,414.9,413.5,415.8,0,0,0,,,0,0,8.9195,8.92
17/01/2018,05:30:00,414.5,413.2,415.7,0,0,0,,,0.042,0,8.9195,8.92
17/01/2018,05:45:00,413.7,412.4,414.9,0,0,0,,,0,0,8.9195,8.92
17/01/2018,06:00:00,413,411.9,414.3,0,0,0,,,0,0,8.9195,8.92
17/01/2018,06:15:00,412.3,411.2,413.8,0,0,0,,,0,0,8.9195,8.92
17/01/2018,06:30:00,412.3,411.3,413.9,0,0,0,,,0,0,8.9195,8.92
17/01/2018,06:45:00,413.6,412.5,415.1,0,0,0,,,0,0,8.9195,8.92
17/01/2018,07:00:00,413.4,412.5,414.5,0,0,0,,,0,0,8.9195,8.92
17/01/2018,07:15:00,415.4,414.1,416.1,0,0,0,,,0,0,8.9195,8.92
17/01/2018,07:30:00,414.4,414.3,417.4,0,0,0,,,0,0,8.9195,8.92
17/01/2018,07:45:00,412.8,412.5,416.6,0,0,0,,,0,0,8.9195,8.92
17/01/2018,08:00:00,412,412.8,413.7,0.002,0.036,0.279,,,58.57,0.0586,8.9342,8.93
17/01/2018,08:15:00,415.8,415.1,416.8,1.301,1.676,2.244,,,1366,1.366,9.2757,9.28
17/01/2018,08:30:00,416.7,416.1,417.5,2.592,2.829,3.364,,,2159,2.159,9.8154,9.82
17/01/2018,08:45:00,418.5,417.4,419,4.001,4.23,4.847,,,3220,3.22,10.6204,10.62
17/01/2018,09:00:00,418.8,417.6,419.4,4.772,4.993,5.659,,,3796,3.796,11.5694,11.57
17/01/2018,09:15:00,419.4,418.1,419.9,6.174,6.429,7.123,,,4835,4.835,12.7782,12.78
17/01/2018,09:30:00,419.2,418.1,419.8,6.671,6.954,7.627,,,5189,5.189,14.0754,14.08
17/01/2018,09:45:00,420,418.7,420.7,7.058,7.319,8.037,,,5493,5.493,15.4487,15.45
17/01/2018,10:00:00,420.5,419,421.3,7.262,7.501,8.257,,,5656,5.656,16.8627,16.86
17/01/2018,10:15:00,421.9,420.2,422.2,7.361,7.601,8.36,,,5746,5.746,18.2992,18.3
17/01/2018,10:30:00,421.1,419.2,421.4,7.159,7.373,8.155,,,5587,5.587,19.6959,19.7
17/01/2018,10:45:00,421.3,419.6,421.8,7.243,7.51,8.25,,,5652,5.652,21.1089,21.11
17/01/2018,11:00:00,420.9,419.1,421,6.75,6.988,7.734,,,5281,5.281,22.4292,22.43
17/01/2018,11:15:00,420.4,419.2,420.8,6.713,7.01,7.69,,,5236,5.236,23.7382,23.74
17/01/2018,11:30:00,419.3,417.7,419.8,6.653,6.885,7.647,,,5191,5.191,25.0359,25.04
17/01/2018,11:45:00,419.8,418.5,420.3,7.072,7.361,8.057,,,5490,5.49,26.4084,26.41
17/01/2018,12:00:00,420.2,418.6,420.9,6.563,6.793,7.561,,,5140,5.14,27.6934,27.69
17/01/2018,12:15:00,421.2,419.5,421.6,6.297,6.525,7.277,,,4953,4.953,28.9317,28.93
17/01/2018,12:30:00,420,418.3,420.5,5.584,5.797,6.519,,,4408,4.408,30.0337,30.03
17/01/2018,12:45:00,420.5,419.1,421,5.169,5.394,6.12,,,4113,4.113,31.0619,31.06
17/01/2018,13:00:00,420.3,418.8,420.4,5.506,5.757,6.445,,,4348,4.348,32.1489,32.15
17/01/2018,13:15:00,416.7,415.7,417.4,4.033,4.259,4.942,,,3239,3.239,32.9587,32.96
17/01/2018,13:30:00,418.2,417.2,419.4,5.417,5.662,6.422,,,4286,4.286,34.0302,34.03
17/01/2018,13:45:00,419.6,418.2,420.1,5.752,5.996,6.702,,,4520,4.52,35.1602,35.16
17/01/2018,14:00:00,418.3,417,418.9,4.89,5.117,5.794,,,3870,3.87,36.1277,36.13
17/01/2018,14:15:00,419,417.7,419.4,5.727,5.979,6.664,,,4491,4.491,37.2504,37.25
17/01/2018,14:30:00,418.8,417.6,419.1,5.481,5.779,6.35,,,4282,4.282,38.3209,38.32
17/01/2018,14:45:00,416.9,415.7,416.9,4.036,4.289,4.856,,,3207,3.207,39.1227,39.12
17/01/2018,15:00:00,416.2,415.3,416.9,3.405,3.641,4.244,,,2756,2.756,39.8117,39.81
17/01/2018,15:15:00,415,414.1,415.6,2.663,2.868,3.48,,,2208,2.208,40.3637,40.36
17/01/2018,15:30:00,413.2,412.5,414.2,1.366,1.529,2.047,,,1218,1.218,40.6682,40.67
17/01/2018,15:45:00,414.2,413.4,415.2,1.872,2.052,2.646,,,1616,1.616,41.0722,41.07
17/01/2018,16:00:00,412.6,412,413.7,0.425,0.58,1.494,,,794.7,0.7947,41.2708,41.27
17/01/2018,16:15:00,411.8,411.1,412.9,0.003,0.032,1.036,,,316.1,0.3161,41.3499,41.35
17/01/2018,16:30:00,411.3,410.7,413,0.046,0.05,0.186,,,23.21,0.0232,41.3557,41.36
17/01/2018,16:45:00,412.2,411.3,413.3,0.023,0.021,0.323,,,58.71,0.0587,41.3704,41.37
17/01/2018,17:00:00,412.3,411.3,413.8,0.002,0.002,0.532,,,122.1,0.1221,41.4009,41.4
17/01/2018,17:15:00,412.6,411.3,413.4,0.054,0.025,0.675,,,125.1,0.1251,41.4322,41.43
17/01/2018,17:30:00,410.1,410.3,413.6,0.011,0.001,0.016,,,0.7,0.0007,41.4323,41.43
17/01/2018,17:45:00,407.7,410,414.3,0,0,0,,,0,0,41.4323,41.43
17/01/2018,18:00:00,413.7,412.7,414.8,0,0,0,,,0,0,41.4323,41.43
17/01/2018,18:15:00,413,412.5,414.7,0,0,0,,,0,0,41.4323,41.43
17/01/2018,18:30:00,411.2,410.6,413.1,0,0,0,,,0,0,41.4323,41.43
17/01/2018,18:45:00,410.8,409.7,412.2,0,0,0,,,0,0,41.4323,41.43
17/01/2018,19:00:00,410.8,409.7,412.8,0,0,0,,,0,0,41.4323,41.43
17/01/2018,19:15:00,411.3,410.1,413.1,0,0,0,,,0,0,41.4323,41.43
17/01/2018,19:30:00,412.1,411,414,0,0,0,,,0,0,41.4323,41.43
17/01/2018,19:45:00,412.6,411.6,414.6,0,0,0,,,0,0,41.4323,41.43
17/01/2018,20:00:00,413.3,412.5,415.6,0,0,0,,,0,0,41.4323,41.43
17/01/2018,20:15:00,414.3,413.3,416.3,0,0,0,,,0,0,41.4323,41.43
17/01/2018,20:30:00,415,414,417,0,0,0,,,0,0,41.4323,41.43
17/01/2018,20:45:00,415.9,414.5,418.1,0,0,0,,,0,0,41.4323,41.43
17/01/2018,21:00:00,416.8,415.8,419.1,0,0,0,,,0,0,41.4323,41.43
17/01/2018,21:15:00,417.5,416.5,419.5,0,0,0,,,0,0,41.4323,41.43
17/01/2018,21:30:00,418.3,417.4,420.3,0,0,0,,,0.039,0,41.4323,41.43
17/01/2018,21:45:00,419.1,418,420.7,0,0,0,,,0.041,0,41.4323,41.43
17/01/2018,22:00:00,415.7,414.7,417.5,0,0,0,,,0,0,41.4323,41.43
17/01/2018,22:15:00,413.7,412.8,415.6,0,0,0,,,0,0,41.4323,41.43
17/01/2018,22:30:00,413.8,412.8,415.5,0,0,0,,,0,0,41.4323,41.43
17/01/2018,22:45:00,414.4,413.2,416,0,0,0,,,0,0,41.4323,41.43
17/01/2018,23:00:00,414.9,413.7,416.5,0,0,0,,,0,0,41.4323,41.43
17/01/2018,23:15:00,414.9,413.7,416.5,0,0,0,,,0,0,41.4323,41.43
17/01/2018,23:30:00,414.4,413.3,415.9,0,0,0,,,0,0,41.4323,41.43
17/01/2018,23:45:00,415.1,414.1,416.6,0,0,0,,,0,0,41.4323,41.43
18/01/2018,00:00:00,415.9,414.9,417.3,0,0,0,,,0,0,41.4323,41.43
18/01/2018,00:15:00,415.8,414.7,417.1,0,0,0,,,0,0,41.4323,41.43
18/01/2018,00:30:00,415.8,414.8,417.1,0,0,0,,,0,0,41.4323,41.43
18/01/2018,00:45:00,416,414.9,417.2,0,0,0,,,0,0,41.4323,41.43
18/01/2018,01:00:00,415.8,414.9,417.1,0,0,0,,,0,0,41.4323,41.43
18/01/2018,01:15:00,416.1,415.1,417.4,0,0,0,,,0,0,41.4323,41.43
18/01/2018,01:30:00,416.5,415.5,417.8,0,0,0,,,0,0,41.4323,41.43
18/01/2018,01:45:00,417.3,416.4,418.7,0,0,0,,,0,0,41.4323,41.43
18/01/2018,02:00:00,417.1,416.2,418.5,0,0,0,,,0,0,41.4323,41.43
18/01/2018,02:15:00,417.3,416.2,418.5,0,0,0,,,0,0,41.4323,41.43
18/01/2018,02:30:00,417.6,416.6,418.9,0,0,0,,,0,0,41.4323,41.43
18/01/2018,02:45:00,418,416.9,419.3,0,0,0,,,0,0,41.4323,41.43
18/01/2018,03:00:00,417.4,416.3,418.7,0,0,0,,,0,0,41.4323,41.43
18/01/2018,03:15:00,417.7,416.6,419,0,0,0,,,0,0,41.4323,41.43
18/01/2018,03:30:00,417.8,416.9,419.2,0,0,0,,,0,0,41.4323,41.43
18/01/2018,03:45:00,418.3,417.4,419.7,0,0,0,,,0,0,41.4323,41.43
18/01/2018,04:00:00,418.3,417.3,419.7,0,0,0,,,0.04,0,41.4324,41.43
18/01/2018,04:15:00,416.9,415.9,418.4,0,0,0,,,0,0,41.4324,41.43
18/01/2018,04:30:00,417.2,416.1,418.5,0,0,0,,,0,0,41.4324,41.43
18/01/2018,04:45:00,416.9,415.8,418.3,0,0,0,,,0,0,41.4324,41.43
18/01/2018,05:00:00,416.6,415.6,418.1,0,0,0,,,0,0,41.4324,41.43
18/01/2018,05:15:00,415.6,414.5,417.1,0,0,0,,,0,0,41.4324,41.43
18/01/2018,05:30:00,415,414.2,416.8,0,0,0,,,0,0,41.4324,41.43
18/01/2018,05:45:00,414.6,413.8,416.5,0,0,0,,,0,0,41.4324,41.43
18/01/2018,06:00:00,413.2,412.3,415.1,0,0,0,,,0,0,41.4324,41.43
18/01/2018,06:15:00,413.5,412.7,415.4,0,0,0,,,0,0,41.4324,41.43
18/01/2018,06:30:00,413.2,412.5,415.2,0,0,0,,,0,0,41.4324,41.43
18/01/2018,06:45:00,412.9,412,414.7,0,0,0,,,0,0,41.4324,41.43
18/01/2018,07:00:00,412,411,413.5,0,0,0,,,0,0,41.4324,41.43
18/01/2018,07:15:00,413.9,412.8,414.9,0,0,0,,,0,0,41.4324,41.43
18/01/2018,07:30:00,413,412.4,414.5,0,0,0,,,0,0,41.4324,41.43
18/01/2018,07:45:00,407.4,408.4,414,0,0,0,,,0,0,41.4324,41.43
18/01/2018,08:00:00,410.5,410.2,413.5,0,0,0,,,0,0,41.4324,41.43
18/01/2018,08:15:00,413.1,412.3,414.7,0.062,0.023,0.376,,,55.6,0.0556,41.4463,41.45
18/01/2018,08:30:00,412.9,411.8,414.1,0,0,0.192,,,37.14,0.0371,41.4555,41.46
18/01/2018,08:45:00,413.9,412.9,415.2,0.647,0.85,1.743,,,974.7,0.9747,41.6992,41.7
18/01/2018,09:00:00,414.4,413.5,415.5,1.425,1.61,2.378,,,1461,1.461,42.0645,42.06
18/01/2018,09:15:00,415,413.4,415.8,2.614,2.741,3.459,,,2197,2.197,42.6137,42.61
18/01/2018,09:30:00,413.6,412,414.5,2.086,2.222,3.009,,,1954,1.954,43.1022,43.1
18/01/2018,09:45:00,415.2,413.3,416,3.544,3.674,4.433,,,2885,2.885,43.8235,43.82
18/01/2018,10:00:00,416.1,414.5,417.1,3.552,3.719,4.434,,,2894,2.894,44.547,44.55
18/01/2018,10:15:00,417,414.9,418.1,4.291,4.4,5.25,,,3469,3.469,45.4142,45.41
18/01/2018,10:30:00,416.5,414,417.7,4.212,4.276,5.204,,,3424,3.424,46.2702,46.27
18/01/2018,10:45:00,416.5,413.8,417.7,4.579,4.626,5.583,,,3694,3.694,47.1937,47.19
18/01/2018,11:00:00,417.2,415,418.4,5.617,5.755,6.623,,,4439,4.439,48.3035,48.3
18/01/2018,11:15:00,420,417.5,421.2,6.84,6.973,7.901,,,5373,5.373,49.6467,49.65
18/01/2018,11:30:00,421.1,418.8,422,7.061,7.224,8.117,,,5540,5.54,51.0317,51.03
18/01/2018,11:45:00,421.2,418.4,421.7,7.041,7.193,8.071,,,5518,5.518,52.4112,52.41
18/01/2018,12:00:00,420.9,418.1,421.3,6.774,6.927,7.793,,,5313,5.313,53.7395,53.74
18/01/2018,12:15:00,418.3,415.3,419.2,5.514,5.587,6.502,,,4371,4.371,54.8322,54.83
18/01/2018,12:30:00,418.1,415.2,419,5.228,5.298,6.197,,,4155,4.155,55.871,55.87
18/01/2018,12:45:00,417.3,414.6,418.3,4.621,4.696,5.59,,,3708,3.708,56.798,56.8
18/01/2018,13:00:00,417.2,414.5,417.8,4.493,4.575,5.463,,,3611,3.611,57.7007,57.7
18/01/2018,13:15:00,416.6,414.6,417.8,4.29,4.406,5.268,,,3459,3.459,58.5655,58.57
18/01/2018,13:30:00,416.4,414.8,417.9,3.547,3.651,4.518,,,2919,2.919,59.2952,59.3
18/01/2018,13:45:00,412.3,411.6,415.4,1.813,1.877,2.436,,,1548,1.548,59.6822,59.68
18/01/2018,14:00:00,410.7,409.2,412.7,0,0,0.007,,,1.251,0.0013,59.6825,59.68
18/01/2018,14:15:00,408.5,408.4,412.7,0.025,0.026,0.086,,,9.731,0.0097,59.685,59.68
18/01/2018,14:30:00,410.3,409.2,413.1,0.089,0.102,0.343,,,56.65,0.0567,59.6991,59.7
18/01/2018,14:45:00,412.4,410.7,414.2,0.972,1.011,1.624,,,967.3,0.9673,59.941,59.94
18/01/2018,15:00:00,413.5,411.6,414.4,1.724,1.794,2.54,,,1582,1.582,60.3365,60.34
18/01/2018,15:15:00,408.2,408.3,412.5,0.105,0.113,0.206,,,56.19,0.0562,60.3505,60.35
18/01/2018,15:30:00,410,409.4,413.6,0.605,0.657,1.045,,,579.1,0.5791,60.4953,60.5
18/01/2018,15:45:00,413.7,412.2,415.1,1.221,1.321,1.977,,,1161,1.161,60.7855,60.79
18/01/2018,16:00:00,414.3,413,415.2,1.243,1.426,2.043,,,1170,1.17,61.078,61.08
18/01/2018,16:15:00,413,411.9,414.4,0.023,0.234,1.379,,,471.6,0.4716,61.1959,61.2
18/01/2018,16:30:00,413.4,412.6,414.4,0,0.188,1.429,,,517.4,0.5174,61.3253,61.33
18/01/2018,16:45:00,413.5,412.7,414.5,0.001,0.069,1.407,,,520.1,0.5201,61.4553,61.46
18/01/2018,17:00:00,413.8,412.9,414.6,0,0,1.243,,,452,0.452,61.5683,61.57
18/01/2018,17:15:00,412.8,412.3,415.1,0.022,0.023,0.435,,,90.33,0.0903,61.5909,61.59
18/01/2018,17:30:00,409.1,410.5,414.4,0,0,0,,,0,0,61.5909,61.59
18/01/2018,17:45:00,405.4,409,415.1,0,0,0,,,0,0,61.5909,61.59
18/01/2018,18:00:00,414.9,414,416.3,0,0,0,,,0.042,0,61.5909,61.59
18/01/2018,18:15:00,414.3,413.6,416,0,0,0,,,0,0,61.5909,61.59
18/01/2018,18:30:00,412.5,411.5,414.4,0,0,0,,,0,0,61.5909,61.59
18/01/2018,18:45:00,411.7,410.8,413.5,0,0,0,,,0,0,61.5909,61.59
18/01/2018,19:00:00,412.2,411.1,413.8,0,0,0,,,0,0,61.5909,61.59
18/01/2018,19:15:00,412.3,411.4,414,0,0,0,,,0,0,61.5909,61.59
18/01/2018,19:30:00,412.9,412,415.1,0,0,0,,,0,0,61.5909,61.59
18/01/2018,19:45:00,413.6,412.6,415.5,0,0,0,,,0,0,61.5909,61.59
18/01/2018,20:00:00,414.9,413.9,416.6,0,0,0,,,0,0,61.5909,61.59
18/01/2018,20:15:00,416.5,415.2,418,0,0,0,,,0.04,0,61.5909,61.59
18/01/2018,20:30:00,417.1,415.7,418.4,0,0,0,,,0.04,0,61.5909,61.59
18/01/2018,20:45:00,417.8,416.4,419.3,0,0,0,,,0,0,61.5909,61.59
18/01/2018,21:00:00,418.5,417.2,420,0,0,0,,,0,0,61.5909,61.59
18/01/2018,21:15:00,418.9,417.4,420.7,0,0,0,,,0,0,61.5909,61.59
18/01/2018,21:30:00,418.9,417.8,420.9,0,0,0,,,0,0,61.5909,61.59
18/01/2018,21:45:00,419.5,418.3,421.4,0,0,0,,,0.043,0,61.5909,61.59
18/01/2018,22:00:00,415.5,414.3,417.2,0,0,0,,,0,0,61.5909,61.59
18/01/2018,22:15:00,413.3,412,415,0,0,0,,,0,0,61.5909,61.59
18/01/2018,22:30:00,413.5,412.4,415.3,0,0,0,,,0,0,61.5909,61.59
18/01/2018,22:45:00,414.4,413.1,415.8,0,0,0,,,0,0,61.5909,61.59
18/01/2018,23:00:00,415.2,413.9,416.6,0,0,0,,,0,0,61.5909,61.59
18/01/2018,23:15:00,414.7,413.2,416,0,0,0,,,0.041,0,61.5909,61.59
18/01/2018,23:30:00,415.9,414.6,417.2,0,0,0,,,0,0,61.5909,61.59
18/01/2018,23:45:00,416.2,414.8,417.5,0,0,0,,,0,0,61.5909,61.59
19/01/2018,00:00:00,416.1,414.8,417.5,0,0,0,,,0,0,61.5909,61.59
19/01/2018,00:15:00,416.4,415.1,417.7,0,0,0,,,0,0,61.5909,61.59
19/01/2018,00:30:00,417,415.7,418.3,0,0,0,,,0,0,61.5909,61.59
19/01/2018,00:45:00,416.6,415.5,418,0,0,0,,,0,0,61.5909,61.59
19/01/2018,01:00:00,416.8,415.9,418.4,0,0,0,,,0,0,61.5909,61.59
19/01/2018,01:15:00,416.7,415.7,418.2,0,0,0,,,0.041,0,61.5909,61.59
19/01/2018,01:30:00,416.7,415.7,418.2,0,0,0,,,0,0,61.5909,61.59
19/01/2018,01:45:00,417.2,416.1,418.5,0,0,0,,,0,0,61.5909,61.59
19/01/2018,02:00:00,417.5,416.5,418.9,0,0,0,,,0,0,61.5909,61.59
19/01/2018,02:15:00,417.7,416.5,419.1,0,0,0,,,0,0,61.5909,61.59
19/01/2018,02:30:00,417.6,416.8,419.2,0,0,0,,,0,0,61.5909,61.59
19/01/2018,02:45:00,418.2,416.9,419.5,0,0,0,,,0,0,61.5909,61.59
19/01/2018,03:00:00,418,417.1,419.5,0,0,0,,,0,0,61.5909,61.59
19/01/2018,03:15:00,417.8,416.7,419.2,0,0,0,,,0,0,61.5909,61.59
19/01/2018,03:30:00,418,417,419.3,0,0,0,,,0,0,61.5909,61.59
19/01/2018,03:45:00,418.5,417.2,419.8,0,0,0,,,0,0,61.5909,61.59
19/01/2018,04:00:00,418,417,419.5,0,0,0,,,0,0,61.5909,61.59
19/01/2018,04:15:00,417.7,416.4,419,0,0,0,,,0,0,61.5909,61.59
19/01/2018,04:30:00,418,416.9,419.4,0,0,0,,,0.041,0,61.591,61.59
19/01/2018,04:45:00,418.4,417.2,419.8,0,0,0,,,0,0,61.591,61.59
19/01/2018,05:00:00,417.2,416.3,418.8,0,0,0,,,0,0,61.591,61.59
19/01/2018,05:15:00,416.9,415.8,418.5,0,0,0,,,0,0,61.591,61.59
19/01/2018,05:30:00,416.2,415.2,417.9,0,0,0,,,0,0,61.591,61.59
19/01/2018,05:45:00,415.7,414.4,417.2,0,0,0,,,0.042,0,61.591,61.59
19/01/2018,06:00:00,414.3,413.1,415.8,0,0,0,,,0,0,61.591,61.59
19/01/2018,06:15:00,414.1,412.7,415.7,0,0,0,,,0,0,61.591,61.59
19/01/2018,06:30:00,413.8,412.7,415.5,0,0,0,,,0,0,61.591,61.59
19/01/2018,06:45:00,413.9,412.9,415.8,0,0,0,,,0,0,61.591,61.59
19/01/2018,07:00:00,413.6,412.4,415,0,0,0,,,0,0,61.591,61.59
19/01/2018,07:15:00,413.6,412.5,414.6,0,0,0,,,0,0,61.591,61.59
19/01/2018,07:30:00,412.5,411.8,414.9,0,0,0,,,0,0,61.591,61.59
19/01/2018,07:45:00,410.3,410.4,413.9,0,0,0,,,0,0,61.591,61.59
19/01/2018,08:00:00,411.7,410.5,413.6,0.002,0.002,0.381,,,84.17,0.0842,61.612,61.61
19/01/2018,08:15:00,415.5,414,415.9,0.904,1.001,1.785,,,1088,1.088,61.884,61.88
19/01/2018,08:30:00,417.7,416.7,418.2,2.158,2.33,2.926,,,1849,1.849,62.3463,62.35
19/01/2018,08:45:00,419,417.9,419.7,3.619,3.843,4.463,,,2948,2.948,63.0833,63.08
19/01/2018,09:00:00,419.3,417.9,420,4.805,5.041,5.689,,,3823,3.823,64.039,64.04
19/01/2018,09:15:00,419.9,418.4,420.3,6.101,6.379,7.004,,,4769,4.769,65.2313,65.23
19/01/2018,09:30:00,419.5,417.6,419.7,6.613,6.871,7.544,,,5144,5.144,66.5173,66.52
19/01/2018,09:45:00,419.4,417.2,419.6,6.798,7.025,7.764,,,5293,5.293,67.8405,67.84
19/01/2018,10:00:00,420.8,418.4,420.7,7.167,7.38,8.158,,,5588,5.588,69.2375,69.24
19/01/2018,10:15:00,421.5,419.1,421.6,7.044,7.263,8.039,,,5511,5.511,70.6153,70.62
19/01/2018,10:30:00,420.5,417.8,420.5,6.969,7.168,7.949,,,5438,5.438,71.9748,71.97
19/01/2018,10:45:00,420,417.5,419.9,6.693,6.918,7.655,,,5216,5.216,73.2788,73.28
19/01/2018,11:00:00,419.3,416.5,419.4,6.523,6.703,7.483,,,5091,5.091,74.5515,74.55
19/01/2018,11:15:00,419.5,416.9,419.4,6.897,7.118,7.866,,,5360,5.36,75.8915,75.89
19/01/2018,11:30:00,419.7,417.1,419.7,7.061,7.283,8.008,,,5476,5.476,77.2605,77.26
19/01/2018,11:45:00,420.1,417.3,419.8,7.066,7.301,8,,,5475,5.475,78.6293,78.63
19/01/2018,12:00:00,415.9,413.1,415.9,3.985,4.152,4.911,,,3378,3.378,79.4738,79.47
19/01/2018,12:15:00,417.3,414.6,417,3.955,4.108,4.783,,,3164,3.164,80.2648,80.26
19/01/2018,12:30:00,415,412.6,415.2,1.811,1.942,2.704,,,1728,1.728,80.6968,80.7
19/01/2018,12:45:00,417.8,415.2,417.6,3.554,3.71,4.394,,,2882,2.882,81.4173,81.42
19/01/2018,13:00:00,417.1,414.6,417.2,2.979,3.107,3.794,,,2454,2.454,82.0308,82.03
19/01/2018,13:15:00,417.3,415.1,417.4,3.44,3.593,4.273,,,2795,2.795,82.7295,82.73
19/01/2018,13:30:00,418.6,416.8,419.3,4.776,4.966,5.727,,,3813,3.813,83.6828,83.68
19/01/2018,13:45:00,417.8,416.1,418.5,3.635,3.8,4.56,,,3048,3.048,84.4448,84.44
19/01/2018,14:00:00,419.5,417.6,419.9,5.433,5.631,6.357,,,4286,4.286,85.5163,85.52
19/01/2018,14:15:00,418.3,416.7,418.6,5.488,5.74,6.394,,,4302,4.302,86.5918,86.59
19/01/2018,14:30:00,417.5,416.3,417.9,5.079,5.368,5.905,,,3961,3.961,87.582,87.58
19/01/2018,14:45:00,412.8,412.2,414.8,2.218,2.382,2.745,,,1813,1.813,88.0353,88.04
19/01/2018,15:00:00,409.2,409.2,413.2,0.43,0.455,0.599,,,327.4,0.3274,88.1171,88.12
19/01/2018,15:15:00,408.7,409.1,413,0.38,0.391,0.552,,,242.1,0.2421,88.1776,88.18
19/01/2018,15:30:00,413.2,412.3,414.9,1.898,2.035,2.54,,,1641,1.641,88.5879,88.59
19/01/2018,15:45:00,415,413.9,415.6,2.296,2.489,3.037,,,1913,1.913,89.0661,89.07
19/01/2018,16:00:00,414.6,413.4,415.3,1.61,1.802,2.299,,,1386,1.386,89.4126,89.41
19/01/2018,16:15:00,413.9,412.7,414.3,1.406,1.614,2.108,,,1253,1.253,89.7259,89.73
19/01/2018,16:30:00,414.3,413.2,414.8,1.562,1.761,2.219,,,1338,1.338,90.0604,90.06
19/01/2018,16:45:00,414.2,413.2,414.7,0.981,1.269,1.752,,,1002,1.002,90.3109,90.31
19/01/2018,17:00:00,413.9,413,414.8,0.297,0.562,1.268,,,585.2,0.5852,90.4572,90.46
19/01/2018,17:15:00,413.6,412.9,414.7,0.025,0.101,0.983,,,285.5,0.2855,90.5286,90.53
19/01/2018,17:30:00,404.9,408.1,412.7,0,0,0,,,0,0,90.5286,90.53
19/01/2018,17:45:00,409.6,411.4,415,0,0,0,,,0,0,90.5286,90.53
19/01/2018,18:00:00,414.5,413.5,415.9,0,0,0,,,0,0,90.5286,90.53
19/01/2018,18:15:00,414.3,413,415.3,0,0,0,,,0,0,90.5286,90.53
19/01/2018,18:30:00,412.2,410.8,413.4,0,0,0,,,0,0,90.5286,90.53
19/01/2018,18:45:00,412,410.4,413,0,0,0,,,0,0,90.5286,90.53
19/01/2018,19:00:00,412.6,411.1,414.1,0,0,0,,,0,0,90.5286,90.53
19/01/2018,19:15:00,413.1,411.5,414.3,0,0,0,,,0,0,90.5286,90.53
19/01/2018,19:30:00,414,412.2,414.9,0,0,0,,,0,0,90.5286,90.53
19/01/2018,19:45:00,414.2,412.6,415.2,0,0,0,,,0,0,90.5286,90.53
19/01/2018,20:00:00,415.1,413.7,416.6,0,0,0,,,0,0,90.5286,90.53
19/01/2018,20:15:00,416.2,414.6,417.4,0,0,0,,,0,0,90.5286,90.53
19/01/2018,20:30:00,416.6,415.3,418.2,0,0,0,,,0,0,90.5286,90.53
19/01/2018,20:45:00,417,415.6,418.5,0,0,0,,,0,0,90.5286,90.53
19/01/2018,21:00:00,417.4,416,418.9,0,0,0,,,0,0,90.5286,90.53
19/01/2018,21:15:00,417.8,416.2,419.2,0,0,0,,,0,0,90.5286,90.53
19/01/2018,21:30:00,418.2,417,419.7,0,0,0,,,0,0,90.5286,90.53
19/01/2018,21:45:00,418.7,417.5,420.2,0,0,0,,,0,0,90.5286,90.53
19/01/2018,22:00:00,416.7,415.4,418.1,0,0,0,,,0,0,90.5286,90.53
19/01/2018,22:15:00,413.7,412.5,415.3,0,0,0,,,0,0,90.5286,90.53
19/01/2018,22:30:00,413.9,412.6,415.5,0,0,0,,,0,0,90.5286,90.53
19/01/2018,22:45:00,414.4,413,415.9,0,0,0,,,0,0,90.5286,90.53
19/01/2018,23:00:00,414.6,413.1,416.2,0,0,0,,,0,0,90.5286,90.53
19/01/2018,23:15:00,413.6,412.2,415,0,0,0,,,0,0,90.5286,90.53
19/01/2018,23:30:00,414,412.5,415.2,0,0,0,,,0.04,0,90.5286,90.53
19/01/2018,23:45:00,413.4,411.8,414.5,0,0,0,,,0.038,0,90.5286,90.53
20/01/2018,00:00:00,414,412.5,415.2,0,0,0,,,0,0,90.5286,90.53
20/01/2018,00:15:00,414.3,412.9,415.3,0,0,0,,,0.044,0,90.5286,90.53
20/01/2018,00:30:00,414.6,412.9,415.4,0,0,0,,,0.082,0.0001,90.5286,90.53
20/01/2018,00:45:00,414.9,413.3,415.7,0,0,0,,,0,0,90.5286,90.53
20/01/2018,01:00:00,415.2,413.8,416.2,0,0,0,,,0,0,90.5286,90.53
20/01/2018,01:15:00,415.5,413.9,416.3,0,0,0,,,0,0,90.5286,90.53
20/01/2018,01:30:00,415.5,413.7,416.3,0,0,0,,,0,0,90.5286,90.53
20/01/2018,01:45:00,415.6,413.8,416.4,0,0,0,,,0,0,90.5286,90.53
20/01/2018,02:00:00,415.5,413.8,416.3,0,0,0,,,0.043,0,90.5286,90.53
20/01/2018,02:15:00,415.9,414.1,416.7,0,0,0,,,0.041,0,90.5286,90.53
20/01/2018,02:30:00,416.1,414.3,416.7,0,0,0,,,0.041,0,90.5286,90.53
20/01/2018,02:45:00,415.9,414.3,416.7,0,0,0,,,0,0,90.5286,90.53
20/01/2018,03:00:00,416,414.2,416.8,0,0,0,,,0.041,0,90.5286,90.53
20/01/2018,03:15:00,416.1,414.3,416.9,0,0,0,,,0.043,0,90.5287,90.53
20/01/2018,03:30:00,416.2,414.3,416.9,0,0,0,,,0,0,90.5287,90.53
20/01/2018,03:45:00,416.1,414.2,416.8,0,0,0,,,0,0,90.5287,90.53
20/01/2018,04:00:00,416,414.1,416.7,0,0,0,,,0.084,0.0001,90.5287,90.53
20/01/2018,04:15:00,416.3,414.5,417.1,0,0,0,,,0.04,0,90.5287,90.53
20/01/2018,04:30:00,415.7,413.8,416.3,0,0,0,,,0.041,0,90.5287,90.53
20/01/2018,04:45:00,415.6,413.7,416.3,0,0,0,,,0,0,90.5287,90.53
20/01/2018,05:00:00,415.3,413.3,415.8,0,0,0,,,0,0,90.5287,90.53
20/01/2018,05:15:00,415.2,413.5,416,0,0,0,,,0,0,90.5287,90.53
20/01/2018,05:30:00,415,413.2,415.6,0,0,0,,,0,0,90.5287,90.53
20/01/2018,05:45:00,415.2,412.9,415.7,0,0,0,,,0,0,90.5287,90.53
20/01/2018,06:00:00,414.7,412.3,415.1,0,0,0,,,0,0,90.5287,90.53
20/01/2018,06:15:00,414.7,412.5,415.4,0,0,0,,,0,0,90.5287,90.53
20/01/2018,06:30:00,414.5,412.2,415.1,0,0,0,,,0,0,90.5287,90.53
20/01/2018,06:45:00,414.7,412.4,415.2,0,0,0,,,0,0,90.5287,90.53
20/01/2018,07:00:00,414.8,412.4,415.3,0,0,0,,,0,0,90.5287,90.53
20/01/2018,07:15:00,415.1,412.9,415.3,0,0,0,,,0,0,90.5287,90.53
20/01/2018,07:30:00,414,412.2,415.7,0,0,0,,,0,0,90.5287,90.53
20/01/2018,07:45:00,413.3,412.3,416.2,0,0,0,,,0,0,90.5287,90.53
20/01/2018,08:00:00,416.4,414.3,416.8,0.36,0.428,1.028,,,515.3,0.5153,90.6575,90.66
20/01/2018,08:15:00,418.4,416.2,418.6,2.874,3.063,3.621,,,2373,2.373,91.2508,91.25
20/01/2018,08:30:00,419.8,417.4,419.7,4.57,4.792,5.391,,,3640,3.64,92.1608,92.16
20/01/2018,08:45:00,419.5,417.5,419.6,5.016,5.263,5.844,,,3960,3.96,93.1508,93.15
20/01/2018,09:00:00,421.3,419.1,421.3,5.946,6.194,6.839,,,4677,4.677,94.32,94.32
20/01/2018,09:15:00,421.6,419.4,421.4,7.195,7.489,8.105,,,5587,5.587,95.7168,95.72
20/01/2018,09:30:00,422.4,420.2,422.1,7.56,7.864,8.457,,,5856,5.856,97.1808,97.18
20/01/2018,09:45:00,422.7,420.6,422.4,7.795,8.125,8.678,,,6022,6.022,98.6863,98.69
20/01/2018,10:00:00,422.5,420.1,422,7.941,8.264,8.827,,,6126,6.126,100.2178,100.22
20/01/2018,10:15:00,421.8,418.9,421.2,8.069,8.354,8.949,,,6212,6.212,101.7708,101.77
20/01/2018,10:30:00,421.5,418.4,420.8,5.752,5.973,6.579,,,4514,4.514,102.8993,102.9
20/01/2018,10:45:00,424.6,422.2,424.4,7.434,7.734,8.312,,,5787,5.787,104.346,104.35
20/01/2018,11:00:00,425.3,422.7,424.8,7.876,8.178,8.755,,,6121,6.121,105.8763,105.88
20/01/2018,11:15:00,425,422.6,424.7,8.151,8.485,9.021,,,6313,6.313,107.4545,107.45
20/01/2018,11:30:00,425.9,423.3,425.3,8.421,8.757,9.328,,,6531,6.531,109.0873,109.09
20/01/2018,11:45:00,425.3,422.8,424.7,7.91,8.229,8.791,,,6139,6.139,110.622,110.62
20/01/2018,12:00:00,425.2,422.4,424.4,7.418,7.712,8.283,,,5776,5.776,112.066,112.07
20/01/2018,12:15:00,425.3,422.6,424.7,7.524,7.832,8.396,,,5853,5.853,113.5293,113.53
20/01/2018,12:30:00,425.7,423,425,7.978,8.289,8.873,,,6198,6.198,115.0788,115.08
20/01/2018,12:45:00,425.7,423.1,425.3,7.964,8.279,8.861,,,6191,6.191,116.6265,116.63
20/01/2018,13:00:00,425.4,422.6,424.9,7.48,7.788,8.372,,,5831,5.831,118.0843,118.08
20/01/2018,13:15:00,424.1,421.3,423.6,6.593,6.861,7.46,,,5227,5.227,119.391,119.39
20/01/2018,13:30:00,419.8,417.2,419.8,3.543,3.703,4.282,,,3067,3.067,120.1578,120.16
20/01/2018,13:45:00,424.3,421.6,423.9,6.335,6.609,7.211,,,5108,5.108,121.4348,121.43
20/01/2018,14:00:00,425.4,422.6,424.9,6.505,6.793,7.367,,,5144,5.144,122.7208,122.72
20/01/2018,14:15:00,422.9,420.2,422.9,4.909,5.123,5.693,,,4056,4.056,123.7348,123.73
20/01/2018,14:30:00,420.9,418.6,421.5,3.588,3.761,4.243,,,2961,2.961,124.475,124.48
20/01/2018,14:45:00,415.4,413.5,417.8,0.575,0.587,0.71,,,452.9,0.4529,124.5883,124.59
20/01/2018,15:00:00,420.1,418.1,421.3,3.349,3.515,3.941,,,2725,2.725,125.2695,125.27
20/01/2018,15:15:00,418.6,416.4,419.7,1.979,2.034,2.488,,,1676,1.676,125.6885,125.69
20/01/2018,15:30:00,417.1,415.5,418.9,1.292,1.38,1.757,,,1130,1.13,125.971,125.97
20/01/2018,15:45:00,418.8,416.8,420.6,2.18,2.287,2.752,,,1819,1.819,126.4258,126.43
20/01/2018,16:00:00,415.9,414.8,418.3,1.096,1.165,1.43,,,923.5,0.9235,126.6566,126.66
20/01/2018,16:15:00,417.1,414.7,418.1,0,0,0,,,0,0,126.6566,126.66
20/01/2018,16:30:00,416.9,414.6,417.6,0.115,0.111,0.253,,,79.94,0.0799,126.6766,126.68
20/01/2018,16:45:00,413.6,412.4,417.2,0,0,0,,,0.038,0,126.6766,126.68
20/01/2018,17:00:00,415.8,413.9,417,0.002,0.001,0.291,,,60.91,0.0609,126.6918,126.69
20/01/2018,17:15:00,417.8,415.7,418.3,0,0,0.281,,,55.27,0.0553,126.7057,126.71
20/01/2018,17:30:00,417.8,415.8,418.4,0,0,0.005,,,0.776,0.0008,126.7059,126.71
20/01/2018,17:45:00,414.1,413.3,418,0.032,0.003,0.139,,,16.78,0.0168,126.7101,126.71
20/01/2018,18:00:00,416.5,414.6,418.1,0,0,0,,,0,0,126.7101,126.71
20/01/2018,18:15:00,416.6,414.5,417.6,0,0,0,,,0,0,126.7101,126.71
20/01/2018,18:30:00,416.3,414,417.1,0,0,0,,,0.039,0,126.7101,126.71
20/01/2018,18:45:00,415.6,413.5,416.7,0,0,0,,,0.039,0,126.7101,126.71
20/01/2018,19:00:00,416.3,414.1,417.2,0,0,0,,,0,0,126.7101,126.71
20/01/2018,19:15:00,416.3,414.3,417.4,0,0,0,,,0,0,126.7101,126.71
20/01/2018,19:30:00,416.4,414.1,417.4,0,0,0,,,0,0,126.7101,126.71
20/01/2018,19:45:00,415.8,413.8,417,0,0,0,,,0.04,0,126.7101,126.71
20/01/2018,20:00:00,416.3,414.1,417.3,0,0,0,,,0.04,0,126.7101,126.71
20/01/2018,20:15:00,416.3,414.3,417.5,0,0,0,,,0,0,126.7101,126.71
20/01/2018,20:30:00,416.7,414.5,417.8,0,0,0,,,0,0,126.7101,126.71
20/01/2018,20:45:00,417,414.9,418,0,0,0,,,0.04,0,126.7101,126.71
20/01/2018,21:00:00,417.2,415.1,418.4,0,0,0,,,0,0,126.7101,126.71
20/01/2018,21:15:00,416.9,414.8,418,0,0,0,,,0.042,0,126.7101,126.71
20/01/2018,21:30:00,417.7,415.5,418.6,0,0,0,,,0.043,0,126.7101,126.71
20/01/2018,21:45:00,418.1,415.8,418.8,0,0,0,,,0,0,126.7101,126.71
20/01/2018,22:00:00,417.7,415.6,418.6,0,0,0,,,0,0,126.7101,126.71
20/01/2018,22:15:00,417.2,415,418.1,0,0,0,,,0,0,126.7101,126.71
20/01/2018,22:30:00,416,413.6,416.7,0,0,0,,,0,0,126.7101,126.71
20/01/2018,22:45:00,415.8,413.5,416.5,0,0,0,,,0.04,0,126.7101,126.71
20/01/2018,23:00:00,414.2,412.1,415.1,0,0,0,,,0,0,126.7101,126.71
20/01/2018,23:15:00,413,410.7,413.8,0,0,0,,,0,0,126.7101,126.71
20/01/2018,23:30:00,413.9,411.8,414.7,0,0,0,,,0.038,0,126.7101,126.71
20/01/2018,23:45:00,414.1,411.8,414.9,0,0,0,,,0,0,126.7101,126.71
21/01/2018,00:00:00,414.6,412.4,415.4,0,0,0,,,0,0,126.7101,126.71
21/01/2018,00:15:00,414.7,412.5,415.4,0,0,0,,,0,0,126.7101,126.71
21/01/2018,00:30:00,415.7,413.7,416.5,0,0,0,,,0,0,126.7101,126.71
21/01/2018,00:45:00,415.8,413.7,416.5,0,0,0,,,0,0,126.7101,126.71
21/01/2018,01:00:00,416.1,414.1,416.9,0,0,0,,,0,0,126.7101,126.71
21/01/2018,01:15:00,416.5,414.6,417.3,0,0,0,,,0.041,0,126.7102,126.71
21/01/2018,01:30:00,416,414.2,416.9,0,0,0,,,0,0,126.7102,126.71
21/01/2018,01:45:00,415.9,414.1,416.8,0,0,0,,,0,0,126.7102,126.71
21/01/2018,02:00:00,415.9,414.2,416.8,0,0,0,,,0,0,126.7102,126.71
21/01/2018,02:15:00,416.2,414.4,417.1,0,0,0,,,0,0,126.7102,126.71
21/01/2018,02:30:00,417.1,415.3,418,0,0,0,,,0,0,126.7102,126.71
21/01/2018,02:45:00,417.3,415.8,418.2,0,0,0,,,0,0,126.7102,126.71
21/01/2018,03:00:00,417.2,415.4,418,0,0,0,,,0,0,126.7102,126.71
21/01/2018,03:15:00,417,415.5,418,0,0,0,,,0,0,126.7102,126.71
21/01/2018,03:30:00,417.4,415.7,418.2,0,0,0,,,0,0,126.7102,126.71
21/01/2018,03:45:00,414.9,413.3,415.9,0,0,0,,,0,0,126.7102,126.71
21/01/2018,04:00:00,414.6,412.8,415.4,0,0,0,,,0,0,126.7102,126.71
21/01/2018,04:15:00,414.4,412.8,415.3,0,0,0,,,0,0,126.7102,126.71
21/01/2018,04:30:00,414.1,412.2,414.8,0,0,0,,,0,0,126.7102,126.71
21/01/2018,04:45:00,414.1,412.2,414.9,0,0,0,,,0.04,0,126.7102,126.71
21/01/2018,05:00:00,413.9,411.9,414.6,0,0,0,,,0,0,126.7102,126.71
21/01/2018,05:15:00,413.9,412,414.8,0,0,0,,,0.042,0,126.7102,126.71
21/01/2018,05:30:00,413.8,411.9,414.6,0,0,0,,,0,0,126.7102,126.71
21/01/2018,05:45:00,414.1,412.1,414.7,0,0,0,,,0,0,126.7102,126.71
21/01/2018,06:00:00,414.2,412.2,414.9,0,0,0,,,0,0,126.7102,126.71
21/01/2018,06:15:00,413.7,411.8,414.4,0,0,0,,,0,0,126.7102,126.71
21/01/2018,06:30:00,413.2,411.5,414,0,0,0,,,0.04,0,126.7102,126.71
21/01/2018,06:45:00,413.1,411.1,413.9,0,0,0,,,0,0,126.7102,126.71
21/01/2018,07:00:00,413.8,412.2,414.5,0,0,0,,,0.034,0,126.7102,126.71
21/01/2018,07:15:00,413.7,412,414.4,0,0,0,,,0,0,126.7102,126.71
21/01/2018,07:30:00,411.2,410.5,413.9,0,0,0,,,0,0,126.7102,126.71
21/01/2018,07:45:00,410.3,409.4,413.4,0,0,0,,,0,0,126.7102,126.71
21/01/2018,08:00:00,413.3,411.7,414.4,0.26,0.349,0.887,,,397.7,0.3977,126.8096,126.81
21/01/2018,08:15:00,420.1,418.1,420.2,2.462,2.624,3.236,,,2088,2.088,127.3316,127.33
21/01/2018,08:30:00,420.8,418.9,421.1,3.151,3.345,3.934,,,2597,2.597,127.9809,127.98
21/01/2018,08:45:00,421.9,419.4,421.8,4.248,4.453,5.079,,,3426,3.426,128.8374,128.84
21/01/2018,09:00:00,424.2,421.9,424.1,5.909,6.185,6.791,,,4671,4.671,130.0051,130.01
21/01/2018,09:15:00,426.5,424.2,426.6,7.74,8.039,8.693,,,6069,6.069,131.5224,131.52
21/01/2018,09:30:00,426.9,424.6,426.8,8.208,8.533,9.168,,,6416,6.416,133.1264,133.13
21/01/2018,09:45:00,426.2,424,426.3,8.344,8.664,9.303,,,6510,6.51,134.7539,134.75
21/01/2018,10:00:00,425.8,423.4,425.8,8.554,8.873,9.515,,,6654,6.654,136.4174,136.42
21/01/2018,10:15:00,425.7,423.3,425.6,8.7,9.027,9.67,,,6763,6.763,138.1081,138.11
21/01/2018,10:30:00,426.6,424.1,426.2,8.992,9.316,9.957,,,6986,6.986,139.8546,139.85
21/01/2018,10:45:00,426.6,424.2,426.5,8.998,9.327,9.968,,,6996,6.996,141.6036,141.6
21/01/2018,11:00:00,426.9,424.1,426.7,8.964,9.263,9.947,,,6984,6.984,143.3496,143.35
21/01/2018,11:15:00,426.4,423.8,426.3,9.085,9.403,10.04,,,7052,7.052,145.1126,145.11
21/01/2018,11:30:00,425.9,423.1,425.6,8.781,9.089,9.742,,,6823,6.823,146.8184,146.82
21/01/2018,11:45:00,425.7,423.2,425.7,8.669,8.984,9.627,,,6735,6.735,148.5021,148.5
21/01/2018,12:00:00,425,422.2,424.8,8.356,8.648,9.32,,,6500,6.5,150.1271,150.13
21/01/2018,12:15:00,426.3,423.7,426.2,8.05,8.347,8.999,,,6290,6.29,151.6996,151.7
21/01/2018,12:30:00,426.7,423.9,426.3,7.883,8.171,8.815,,,6166,6.166,153.2411,153.24
21/01/2018,12:45:00,426.2,423.5,426.2,7.964,8.248,8.899,,,6222,6.222,154.7966,154.8
21/01/2018,13:00:00,426.9,424.2,426.7,8.468,8.76,9.421,,,6606,6.606,156.4481,156.45
21/01/2018,13:15:00,426.5,423.9,426.5,8.253,8.552,9.194,,,6439,6.439,158.0579,158.06
21/01/2018,13:30:00,425.7,423,425.5,7.253,7.533,8.153,,,5680,5.68,159.4779,159.48
21/01/2018,13:45:00,426.3,423.7,426.3,7.559,7.835,8.465,,,5917,5.917,160.9571,160.96
21/01/2018,14:00:00,426.8,424,426.6,7.888,8.179,8.81,,,6167,6.167,162.4989,162.5
21/01/2018,14:15:00,425.6,422.8,425.6,7.446,7.709,8.333,,,5820,5.82,163.9539,163.95
21/01/2018,14:30:00,425.1,422.4,425.1,6.855,7.122,7.721,,,5372,5.372,165.2969,165.3
21/01/2018,14:45:00,423.9,421,423.8,6.126,6.357,6.997,,,4829,4.829,166.5041,166.5
21/01/2018,15:00:00,421.9,419.3,421.9,4.591,4.805,5.397,,,3700,3.7,167.4291,167.43
21/01/2018,15:15:00,420.1,417.4,420.1,3.21,3.374,3.972,,,2660,2.66,168.0941,168.09
21/01/2018,15:30:00,419.6,416.8,419.6,2.859,3.023,3.61,,,2493,2.493,168.7174,168.72
21/01/2018,15:45:00,420.5,417.6,420.4,3.742,3.924,4.531,,,3031,3.031,169.4751,169.48
21/01/2018,16:00:00,420.1,417.2,419.9,3.329,3.511,4.1,,,2721,2.721,170.1554,170.16
21/01/2018,16:15:00,419.4,416.6,419,2.485,2.639,3.235,,,2093,2.093,170.6786,170.68
21/01/2018,16:30:00,418.7,416,418.6,1.95,2.086,2.679,,,1688,1.688,171.1006,171.1
21/01/2018,16:45:00,418.3,415.7,418.3,1.342,1.462,2.032,,,1215,1.215,171.4044,171.4
21/01/2018,17:00:00,418.1,415.5,418.3,1.283,1.397,1.968,,,1167,1.167,171.6961,171.7
21/01/2018,17:15:00,417.8,415.1,417.9,0.355,0.481,1.534,,,774,0.774,171.8896,171.89
21/01/2018,17:30:00,416.7,414.3,417.3,0,0,0.474,,,110.1,0.1101,171.9171,171.92
21/01/2018,17:45:00,416,413.8,417.2,0.027,0.015,0.155,,,20.1,0.0201,171.9222,171.92
21/01/2018,18:00:00,415.2,412.7,416.8,0,0,0,,,0.038,0,171.9222,171.92
21/01/2018,18:15:00,415.9,413.6,416.5,0,0,0,,,0,0,171.9222,171.92
21/01/2018,18:30:00,414.6,412.1,415.2,0,0,0,,,0,0,171.9222,171.92
21/01/2018,18:45:00,414.3,411.9,415.1,0,0,0,,,0,0,171.9222,171.92
21/01/2018,19:00:00,414.5,412.1,415.3,0,0,0,,,0,0,171.9222,171.92
21/01/2018,19:15:00,414,411.9,415.1,0,0,0,,,0,0,171.9222,171.92
21/01/2018,19:30:00,414.3,412.1,415.2,0,0,0,,,0,0,171.9222,171.92
21/01/2018,19:45:00,414.5,412.3,415.4,0,0,0,,,0,0,171.9222,171.92
21/01/2018,20:00:00,414.4,412.3,415.6,0,0,0,,,0,0,171.9222,171.92
21/01/2018,20:15:00,414.7,412.8,415.9,0,0,0,,,0,0,171.9222,171.92
21/01/2018,20:30:00,415.1,412.9,416.1,0,0,0,,,0,0,171.9222,171.92
21/01/2018,20:45:00,415.4,413.2,416.4,0,0,0,,,0,0,171.9222,171.92
21/01/2018,21:00:00,416.3,414.3,417.5,0,0,0,,,0,0,171.9222,171.92
21/01/2018,21:15:00,417,414.7,418,0,0,0,,,0,0,171.9222,171.92
21/01/2018,21:30:00,417.1,415,418.2,0,0,0,,,0.078,0.0001,171.9222,171.92
21/01/2018,21:45:00,417.2,414.9,418.1,0,0,0,,,0,0,171.9222,171.92
21/01/2018,22:00:00,415.1,412.9,416,0,0,0,,,0,0,171.9222,171.92
21/01/2018,22:15:00,412.3,410.1,412.9,0,0,0,,,0,0,171.9222,171.92
21/01/2018,22:30:00,412.9,410.7,413.5,0,0,0,,,0,0,171.9222,171.92
21/01/2018,22:45:00,412.6,410.2,413.3,0,0,0,,,0,0,171.9222,171.92
21/01/2018,23:00:00,413.1,410.8,413.7,0,0,0,,,0,0,171.9222,171.92
21/01/2018,23:15:00,414.3,412,414.8,0,0,0,,,0,0,171.9222,171.92
21/01/2018,23:30:00,415.1,413.1,415.9,0,0,0,,,0,0,171.9222,171.92
21/01/2018,23:45:00,414.4,412.3,415.2,0,0,0,,,0,0,171.9222,171.92
22/01/2018,00:00:00,414.8,412.7,415.4,0,0,0,,,0,0,171.9222,171.92
22/01/2018,00:15:00,415.2,413.3,416,0,0,0,,,0,0,171.9222,171.92
22/01/2018,00:30:00,416,413.9,416.7,0,0,0,,,0,0,171.9222,171.92
22/01/2018,00:45:00,415.9,413.8,416.6,0,0,0,,,0,0,171.9222,171.92
22/01/2018,01:00:00,416.1,414.1,416.7,0,0,0,,,0,0,171.9222,171.92
22/01/2018,01:15:00,416.3,414.4,417,0,0,0,,,0,0,171.9222,171.92
22/01/2018,01:30:00,417.1,415.3,417.7,0,0,0,,,0,0,171.9222,171.92
22/01/2018,01:45:00,416.8,415,417.6,0,0,0,,,0,0,171.9222,171.92
22/01/2018,02:00:00,415.8,414.1,416.6,0,0,0,,,0,0,171.9222,171.92
22/01/2018,02:15:00,415,413.2,415.7,0,0,0,,,0,0,171.9222,171.92
22/01/2018,02:30:00,415.1,413.2,415.7,0,0,0,,,0,0,171.9222,171.92
22/01/2018,02:45:00,415.1,413.4,415.7,0,0,0,,,0,0,171.9222,171.92
22/01/2018,03:00:00,415.1,413.4,415.9,0,0,0,,,0,0,171.9222,171.92
22/01/2018,03:15:00,415.7,414,416.4,0,0,0,,,0,0,171.9222,171.92
22/01/2018,03:30:00,415.2,413.5,416,0,0,0,,,0,0,171.9222,171.92
22/01/2018,03:45:00,414.9,413.1,415.5,0,0,0,,,0,0,171.9222,171.92
22/01/2018,04:00:00,414.5,412.6,415.1,0,0,0,,,0,0,171.9222,171.92
22/01/2018,04:15:00,414.4,412.6,415.1,0,0,0,,,0.036,0,171.9222,171.92
22/01/2018,04:30:00,413.9,411.9,414.5,0,0,0,,,0,0,171.9222,171.92
22/01/2018,04:45:00,413.4,411.4,414.1,0,0,0,,,0,0,171.9222,171.92
22/01/2018,05:00:00,414,411.8,414.5,0,0,0,,,0,0,171.9222,171.92
22/01/2018,05:15:00,414.7,412.4,415.1,0,0,0,,,0,0,171.9222,171.92
22/01/2018,05:30:00,414.2,412,414.9,0,0,0,,,0,0,171.9222,171.92
22/01/2018,05:45:00,414.2,412.1,415.3,0,0,0,,,0,0,171.9222,171.92
22/01/2018,06:00:00,412.7,410.6,413.8,0,0,0,,,0,0,171.9222,171.92
22/01/2018,06:15:00,411.9,410,413.2,0,0,0,,,0,0,171.9222,171.92
22/01/2018,06:30:00,412.5,410.4,413.7,0,0,0,,,0,0,171.9222,171.92
22/01/2018,06:45:00,413.4,411.5,414.8,0,0,0,,,0,0,171.9222,171.92
22/01/2018,07:00:00,412.6,410.6,413.7,0,0,0,,,0.038,0,171.9222,171.92
22/01/2018,07:15:00,413.4,411.1,414.2,0,0,0,,,0,0,171.9222,171.92
22/01/2018,07:30:00,412.7,411.2,415.4,0,0,0,,,0,0,171.9222,171.92
22/01/2018,07:45:00,399.8,403.2,409.9,0,0,0,,,0.036,0,171.9222,171.92
22/01/2018,08:00:00,412.8,410.7,413.7,0.002,0.004,0.465,,,106.6,0.1066,171.9489,171.95
22/01/2018,08:15:00,413.2,411.5,413.4,0.792,0.9,1.708,,,1046,1.046,172.2104,172.21
22/01/2018,08:30:00,417.6,416,417.7,2.351,2.549,3.065,,,1969,1.969,172.7026,172.7
22/01/2018,08:45:00,416.9,415.3,417.3,2.417,2.597,3.158,,,2025,2.025,173.2089,173.21
22/01/2018,09:00:00,416.7,414.8,416.9,3.144,3.326,3.925,,,2565,2.565,173.8501,173.85
22/01/2018,09:15:00,418.6,416.6,418.7,5.556,5.827,6.406,,,4342,4.342,174.9356,174.94
22/01/2018,09:30:00,419,416.8,419,6.126,6.39,7.014,,,4770,4.77,176.1281,176.13
22/01/2018,09:45:00,416.5,414.3,416.4,4.392,4.628,5.187,,,3460,3.46,176.9931,176.99
22/01/2018,10:00:00,417.5,415.6,417.6,4.292,4.551,5.134,,,3490,3.49,177.8656,177.87
22/01/2018,10:15:00,420.9,418.6,420.9,6.069,6.332,7.009,,,4768,4.768,179.0576,179.06
22/01/2018,10:30:00,420.7,418.7,420.6,6.19,6.479,7.153,,,4854,4.854,180.2711,180.27
22/01/2018,10:45:00,422.2,419.7,422,7.718,8.012,8.715,,,5997,5.997,181.7704,181.77
22/01/2018,11:00:00,422.5,420.1,421.9,7.956,8.288,8.929,,,6152,6.152,183.3084,183.31
22/01/2018,11:15:00,421.9,419.5,421.7,8.063,8.374,9.014,,,6219,6.219,184.8631,184.86
22/01/2018,11:30:00,419.9,417.4,419.9,6.436,6.668,7.359,,,5014,5.014,186.1166,186.12
22/01/2018,11:45:00,419.4,417.2,419.4,6.162,6.415,7.085,,,4804,4.804,187.3176,187.32
22/01/2018,12:00:00,419.7,417.3,419.3,6.344,6.601,7.259,,,4934,4.934,188.5511,188.55
22/01/2018,12:15:00,419.1,416.9,418.5,6.023,6.305,6.901,,,4675,4.675,189.7199,189.72
22/01/2018,12:30:00,419.5,417,418.8,6.361,6.62,7.253,,,4932,4.932,190.9529,190.95
22/01/2018,12:45:00,420.2,417.6,419.4,6.897,7.181,7.789,,,5322,5.322,192.2834,192.28
22/01/2018,13:00:00,418.8,416.4,417.8,5.833,6.1,6.691,,,4524,4.524,193.4144,193.41
22/01/2018,13:15:00,418.8,416.8,418.4,6.136,6.423,7.022,,,4754,4.754,194.6029,194.6
22/01/2018,13:30:00,419.2,417.2,419,6.079,6.352,7.006,,,4730,4.73,195.7854,195.79
22/01/2018,13:45:00,419.5,417.4,419.4,6.487,6.77,7.412,,,5030,5.03,197.0429,197.04
22/01/2018,14:00:00,420.3,418.3,420,6.685,6.997,7.621,,,5182,5.182,198.3384,198.34
22/01/2018,14:15:00,419.4,417.6,419.3,6.193,6.495,7.116,,,4817,4.817,199.5426,199.54
22/01/2018,14:30:00,419.5,417.9,418.9,6.116,6.455,7.003,,,4743,4.743,200.7284,200.73
22/01/2018,14:45:00,419.2,417.2,419,6.04,6.332,6.957,,,4705,4.705,201.9046,201.9
22/01/2018,15:00:00,418.8,416.9,418.5,5.627,5.923,6.529,,,4394,4.394,203.0031,203
22/01/2018,15:15:00,415.3,413.6,415.5,3.521,3.724,4.366,,,2970,2.97,203.7456,203.75
22/01/2018,15:30:00,417.7,415.8,417.4,4.881,5.137,5.76,,,3842,3.842,204.7061,204.71
22/01/2018,15:45:00,416.7,414.5,416.3,3.721,3.933,4.566,,,2992,2.992,205.4541,205.45
22/01/2018,16:00:00,415.8,414,415.8,2.87,3.082,3.68,,,2358,2.358,206.0436,206.04
22/01/2018,16:15:00,413.9,412.3,413.9,1.827,2.022,2.58,,,1568,1.568,206.4356,206.44
22/01/2018,16:30:00,412.9,411.1,413.1,0.91,1.043,1.544,,,902.1,0.9021,206.6612,206.66
22/01/2018,16:45:00,414.3,412.4,414.2,1.44,1.656,2.215,,,1307,1.307,206.9879,206.99
22/01/2018,17:00:00,414.4,413.3,414.7,1.329,1.577,2.14,,,1256,1.256,207.3019,207.3
22/01/2018,17:15:00,413.4,412.6,413.7,0.025,0.198,1.185,,,421.6,0.4216,207.4073,207.41
22/01/2018,17:30:00,413.3,412.8,414.4,0,0,0.164,,,30.13,0.0301,207.4148,207.41
22/01/2018,17:45:00,413.4,413.2,415.1,0.045,0.045,0.277,,,40.96,0.041,207.4251,207.43
22/01/2018,18:00:00,413.7,413.3,415.1,0,0,0,,,0,0,207.4251,207.43
22/01/2018,18:15:00,414.3,412.9,414.9,0,0,0,,,0,0,207.4251,207.43
22/01/2018,18:30:00,412.7,411.5,413.7,0,0,0,,,0.039,0,207.4251,207.43
22/01/2018,18:45:00,411.6,410.2,412.6,0,0,0,,,0,0,207.4251,207.43
22/01/2018,19:00:00,411.9,410.6,413,0,0,0,,,0,0,207.4251,207.43
22/01/2018,19:15:00,412.5,410.8,413.9,0,0,0,,,0,0,207.4251,207.43
22/01/2018,19:30:00,413.5,411.8,414.7,0,0,0,,,0,0,207.4251,207.43
22/01/2018,19:45:00,413.9,412.2,415.3,0,0,0,,,0,0,207.4251,207.43
22/01/2018,20:00:00,414.7,412.8,416,0,0,0,,,0,0,207.4251,207.43
22/01/2018,20:15:00,416,414.2,417.4,0,0,0,,,0,0,207.4251,207.43
22/01/2018,20:30:00,416.9,415.1,418.5,0,0,0,,,0,0,207.4251,207.43
22/01/2018,20:45:00,417.9,416.3,419.6,0,0,0,,,0,0,207.4251,207.43
22/01/2018,21:00:00,418.8,417.2,420.5,0,0,0,,,0,0,207.4251,207.43
22/01/2018,21:15:00,419.8,418.3,421.4,0,0,0,,,0,0,207.4251,207.43
22/01/2018,21:30:00,420.4,419,421.9,0,0,0,,,0.041,0,207.4251,207.43
22/01/2018,21:45:00,421,419.7,422.3,0,0,0,,,0,0,207.4251,207.43
22/01/2018,22:00:00,416.7,415.3,418.2,0,0,0,,,0,0,207.4251,207.43
22/01/2018,22:15:00,413.2,411.7,414.5,0,0,0,,,0,0,207.4251,207.43
22/01/2018,22:30:00,413.6,412.1,414.9,0,0,0,,,0,0,207.4251,207.43
22/01/2018,22:45:00,414.2,412.5,415.2,0,0,0,,,0,0,207.4251,207.43
22/01/2018,23:00:00,414.5,412.9,415.7,0,0,0,,,0.041,0,207.4251,207.43
22/01/2018,23:15:00,415.1,413.4,416.1,0,0,0,,,0,0,207.4251,207.43
22/01/2018,23:30:00,414.6,413,415.8,0,0,0,,,0,0,207.4251,207.43
22/01/2018,23:45:00,414,412.6,414.9,0,0,0,,,0,0,207.4251,207.43
23/01/2018,00:00:00,413.5,412.1,414.4,0,0,0,,,0,0,207.4251,207.43
23/01/2018,00:15:00,413.1,411.6,414.2,0,0,0,,,0,0,207.4251,207.43
23/01/2018,00:30:00,413.1,412,414.2,0,0,0,,,0.037,0,207.4251,207.43
23/01/2018,00:45:00,414,412.8,415,0,0,0,,,0.038,0,207.4251,207.43
23/01/2018,01:00:00,414.6,413.6,415.7,0,0,0,,,0,0,207.4251,207.43
23/01/2018,01:15:00,413.6,412.3,414.6,0,0,0,,,0,0,207.4251,207.43
23/01/2018,01:30:00,413.8,412.6,414.6,0,0,0,,,0,0,207.4251,207.43
23/01/2018,01:45:00,414.6,413.2,415.3,0,0,0,,,0,0,207.4251,207.43
23/01/2018,02:00:00,414.2,412.9,415.1,0,0,0,,,0,0,207.4251,207.43
23/01/2018,02:15:00,414.1,412.7,415,0,0,0,,,0,0,207.4251,207.43
23/01/2018,02:30:00,414.4,413.1,415.2,0,0,0,,,0,0,207.4251,207.43
23/01/2018,02:45:00,415.2,413.7,415.9,0,0,0,,,0,0,207.4251,207.43
23/01/2018,03:00:00,414.5,413.3,415.4,0,0,0,,,0,0,207.4251,207.43
23/01/2018,03:15:00,414.5,413.1,415.3,0,0,0,,,0,0,207.4251,207.43
23/01/2018,03:30:00,414.8,413.5,415.6,0,0,0,,,0,0,207.4251,207.43
23/01/2018,03:45:00,414.3,412.8,415.1,0,0,0,,,0,0,207.4251,207.43
23/01/2018,04:00:00,413.9,412.8,414.7,0,0,0,,,0,0,207.4251,207.43
23/01/2018,04:15:00,414,412.8,414.8,0,0,0,,,0,0,207.4251,207.43
23/01/2018,04:30:00,414.2,412.7,415,0,0,0,,,0,0,207.4251,207.43
23/01/2018,04:45:00,413.7,412,414.4,0,0,0,,,0,0,207.4251,207.43
23/01/2018,05:00:00,414.5,412.8,415.1,0,0,0,,,0,0,207.4251,207.43
23/01/2018,05:15:00,414.9,413.3,415.7,0,0,0,,,0,0,207.4251,207.43
23/01/2018,05:30:00,415,413.1,416,0,0,0,,,0.04,0,207.4251,207.43
23/01/2018,05:45:00,415.1,413.2,415.9,0,0,0,,,0,0,207.4251,207.43
23/01/2018,06:00:00,414.5,412.4,415,0,0,0,,,0,0,207.4251,207.43
23/01/2018,06:15:00,413.5,411.8,414.3,0,0,0,,,0,0,207.4251,207.43
23/01/2018,06:30:00,412.6,411,413.7,0,0,0,,,0,0,207.4251,207.43
23/01/2018,06:45:00,412.7,410.9,413.8,0,0,0,,,0,0,207.4251,207.43
23/01/2018,07:00:00,412.3,410.7,413,0,0,0,,,0,0,207.4251,207.43
23/01/2018,07:15:00,413,411.2,413.2,0,0,0,,,0,0,207.4251,207.43
23/01/2018,07:30:00,411.7,410.4,413.3,0,0,0,,,0,0,207.4251,207.43
23/01/2018,07:45:00,410,409.1,413.2,0,0,0,,,0,0,207.4251,207.43
23/01/2018,08:00:00,407.3,407.6,412.3,0,0,0,,,0,0,207.4251,207.43
23/01/2018,08:15:00,412.5,411.6,414.2,0.034,0.004,0.272,,,45.96,0.046,207.4366,207.44
23/01/2018,08:30:00,413.8,412.4,414,0,0.079,1.203,,,440.7,0.4407,207.5468,207.55
23/01/2018,08:45:00,414.1,412.5,414.3,1.117,1.305,1.874,,,1101,1.101,207.822,207.82
23/01/2018,09:00:00,414.7,413.3,414.9,2.095,2.257,2.833,,,1774,1.774,208.2655,208.27
23/01/2018,09:15:00,414.2,412.7,414.5,2.778,2.971,3.555,,,2276,2.276,208.8345,208.83
23/01/2018,09:30:00,416.9,415,416.7,3.31,3.482,4.135,,,2695,2.695,209.5083,209.51
23/01/2018,09:45:00,417.7,415.8,417.8,4.141,4.344,4.98,,,3304,3.304,210.3343,210.33
23/01/2018,10:00:00,417.9,415.9,417.6,4.662,4.899,5.488,,,3672,3.672,211.2523,211.25
23/01/2018,10:15:00,416.9,414.7,416.6,4.836,5.093,5.683,,,3793,3.793,212.2005,212.2
23/01/2018,10:30:00,416.8,414.5,416.4,4.989,5.243,5.847,,,3906,3.906,213.177,213.18
23/01/2018,10:45:00,417.6,415.2,417.4,5.483,5.742,6.388,,,4288,4.288,214.249,214.25
23/01/2018,11:00:00,418.6,416.2,418.3,5.602,5.85,6.513,,,4385,4.385,215.3453,215.35
23/01/2018,11:15:00,418.4,415.8,418.3,5.231,5.446,6.152,,,4124,4.124,216.3763,216.38
23/01/2018,11:30:00,418.6,415.9,418.4,5.16,5.386,6.098,,,4078,4.078,217.3958,217.4
23/01/2018,11:45:00,418.1,415.5,418.4,5.079,5.287,6.037,,,4026,4.026,218.4023,218.4
23/01/2018,12:00:00,418.6,415.6,418.4,5.466,5.647,6.444,,,4320,4.32,219.4823,219.48
,,,,,,,,,,,,,
,,,,,,,,,,,,,
,,,,,,,,,,,,,
,,,,,,,,,,,,,
,,,,,,,,,,,,,
,,,,,,,,,,,,,
,,,,,,,,,,,,,
,,426.9,424.6,426.8,9.085,9.403,10.04,0,0,7052,7.052,219.4822975,219.4822975
,,399.8,403.2,409.9,0,0,0,0,0,0,0,1.36075,1.36075
,,416.2566917,414.6679699,417.2396992,1.64856391,1.72363609,1.970470677,#¡DIV/0!,#¡DIV/0!,1311.588522,1.320194271,102.5931025,102.5931025
